<?xml version="1.0" encoding="UTF-8"?>
<project-private xmlns="http://www.netbeans.org/ns/project-private/1">
    <editor-bookmarks xmlns="http://www.netbeans.org/ns/editor-bookmarks/2" lastBookmarkId="0"/>
    <open-files xmlns="http://www.netbeans.org/ns/projectui-open-files/2">
        <group>
            <file>file:/D:/Fun/Work/Git/Latihan_OJDBC/src/views/RegionFrame.java</file>
            <file>file:/D:/Fun/Work/Git/Latihan_OJDBC/src/views/DepartmentFrame.java</file>
            <file>file:/D:/Fun/Work/Git/Latihan_OJDBC/src/views/LocationFrame.java</file>
            <file>file:/D:/Fun/Work/Git/Latihan_OJDBC/src/models/Region.java</file>
            <file>file:/D:/Fun/Work/Git/Latihan_OJDBC/src/daos/RegionDAO.java</file>
            <file>file:/D:/Fun/Work/Git/Latihan_OJDBC/src/views/HR.java</file>
        </group>
    </open-files>
</project-private>
