<?xml version="1.0" encoding="UTF-8"?>
<project-private xmlns="http://www.netbeans.org/ns/project-private/1">
    <editor-bookmarks xmlns="http://www.netbeans.org/ns/editor-bookmarks/2" lastBookmarkId="0"/>
    <open-files xmlns="http://www.netbeans.org/ns/projectui-open-files/2">
        <group>
            <file>file:/D:/Fun/Work/Git/Latihan_OJDBC/src/views/CountryFrame.java</file>
            <file>file:/D:/Fun/Work/Git/Latihan_OJDBC/src/views/EmployeeFrame.java</file>
            <file>file:/D:/Fun/Work/Git/Latihan_OJDBC/src/views/RegionView.java</file>
            <file>file:/D:/Fun/Work/Git/Latihan_OJDBC/src/tools/Connections.java</file>
            <file>file:/D:/Fun/Work/Git/Latihan_OJDBC/src/controllers/JobController.java</file>
            <file>file:/D:/Fun/Work/Git/Latihan_OJDBC/src/views/RegionForm.java</file>
            <file>file:/D:/Fun/Work/Git/Latihan_OJDBC/src/controllers/LocationController.java</file>
            <file>file:/D:/Fun/Work/Git/Latihan_OJDBC/src/views/HR.java</file>
            <file>file:/D:/Fun/Work/Git/Latihan_OJDBC/src/controllers/RegionController.java</file>
        </group>
    </open-files>
</project-private>
